pais,iso_alpha,titular,enlace,fecha,category,status
España,ESP,Minneapolis clama contra la “impunidad” de la policía migratoria que mató a Alex Pretti,https://elpais.com/us/migracion/2026-01-26/minneapolis-clama-contra-la-impunidad-de-la-policia-migratoria-que-mato-a-alex-pretti.html,2026-01-26 14:29,General,ok
España,ESP,"Trump envía a su “zar de la frontera”, Tom Homan, a Minneapolis tras el asesinato",https://elpais.com/us/migracion/2026-01-26/trump-envia-a-su-zar-de-la-frontera-tom-homan-a-minneapolis-tras-la-muerte-de-alex-pretti.html,2026-01-26 14:29,General,ok
España,ESP,Obama y Clinton denuncian las actuaciones del ICE: “Todo esto es inaceptable”,https://elpais.com/us/migracion/2026-01-26/obama-y-clinton-denuncian-las-actuaciones-de-la-policia-migratoria-en-minnesota-todo-esto-es-inaceptable.html,2026-01-26 14:29,General,ok
España,ESP,Qué es el ICE y hasta dónde puede llegar,https://elpais.com/podcasts/hoy-en-el-pais/2026-01-26/que-es-el-ice-y-hasta-donde-puede-llegar.html,2026-01-26 14:29,General,ok
España,ESP,La muerte de Alex Pretti agrieta la alianza entre los defensores de las armas y Trump,https://elpais.com/us/migracion/2026-01-26/la-muerte-de-pretti-agrieta-la-alianza-entre-los-defensores-de-las-armas-y-trump.html,2026-01-26 14:29,General,ok
Reino Unido,GBR,Trump and Walz hold 'productive call' as Minnesota governor pushes for 'impartial' inquiry into shootings,https://www.bbc.com/news/live/c3ve67195gyt,2026-01-26 14:29,General,ok
Reino Unido,GBR,Israel says it has retrieved remains of final Gaza hostage,https://www.bbc.com/news/articles/c5ydvz7nz4mo,2026-01-26 14:29,General,ok
Reino Unido,GBR,Seven people killed and one injured in private jet crash in Maine,https://www.bbc.com/news/articles/cddgqqd0peno,2026-01-26 14:29,General,ok
Reino Unido,GBR,Ex-UK home secretary defects from Conservatives to Reform UK,https://www.bbc.com/news/articles/c1evq263e49o,2026-01-26 14:29,General,ok
Reino Unido,GBR,At least 17 killed as US winter storm brings power outages and flight cancellations,https://www.bbc.com/news/live/c5ydv600e70t,2026-01-26 14:29,General,ok
Francia,FRA,Guides d’achat,No encontrado,2026-01-26 14:29,General,ok
Francia,FRA,Jeux gratuits d’arcade,No encontrado,2026-01-26 14:29,General,ok
Francia,FRA,Services Le Monde,No encontrado,2026-01-26 14:29,General,ok
Francia,FRA,Guides d'achat Le Monde,No encontrado,2026-01-26 14:29,General,ok
Francia,FRA,Le Monde à l'international,No encontrado,2026-01-26 14:29,General,ok
Alemania,DEU,Mysteriöse Substanz: Astronomen kartieren Dunkle Materie in nie dagewesenem DetailVor 4 Min,https://www.spiegel.de/wissenschaft/weltall/dunkle-materie-astronomen-erstellen-neue-karte-der-mysterioesen-masse-a-4a86760e-9d0c-4c52-b101-4dff95d5cd11,2026-01-26 14:29,General,ok
Alemania,DEU,Reaktion auf Schüsse in Minnesota: Merz nennt Ausmaß an Gewalt in den USA »besorgniserregend«Vor 8 Min,https://www.spiegel.de/politik/minnesota-friedrich-merz-kritisiert-gewaltanwendung-in-den-usa-als-besorgniserregend-a-a691c8a0-a230-4c15-8016-cd6daaa27db8,2026-01-26 14:29,General,ok
Alemania,DEU,SPIEGEL Shortcut zum Ukrainekrieg: Russland will Kyjiw unbewohnbar machen. Unser Kollege ist mittendrinVor 17 Min,https://www.spiegel.de/ausland/russlands-angriffe-auf-kyjiw-das-tun-die-ukrainer-bei-stromausfall-und-kaelte-podcast-a-fd17480f-c967-415b-b2c0-b682dbd4e4bb,2026-01-26 14:29,General,ok
Alemania,DEU,SPIEGEL Shortcut zum Ukrainekrieg: Russland will Kyjiw unbewohnbar machen. Unser Kollege ist mittendrinVor 19 Min,https://www.spiegel.de/ausland/russland-will-kyjiw-unbewohnbar-machen-unser-kollege-ist-mittendrin-a-6b52989c-3f02-4fe1-be78-89b8ed7d8983,2026-01-26 14:29,General,ok
Alemania,DEU,Unglück in Maine: Privatjet stürzt beim Start in den USA ab – sieben ToteVor 45 Min,https://www.spiegel.de/panorama/usa-privatjet-stuerzt-beim-start-in-maine-ab-sieben-tote-a-3712fcf2-3a9b-468e-b49f-675c4c8b5466,2026-01-26 14:29,General,ok
Italia,ITA,"Niscemi, le voci degli sfollati: ""Attendiamo di prendere le nostre cose""",https://palermo.repubblica.it/cronaca/2026/01/26/video/niscemi_le_voci_degli_sfollati_attendiamo_di_prendere_le_nostre_cose-425119423/,2026-01-26 14:29,General,ok
Italia,ITA,"Sparatoria in strada a Milano, morto un ventenne",https://milano.repubblica.it/cronaca/2026/01/26/news/sparatoria_milano_morto_via_impastato_polizia-425119734/,2026-01-26 14:29,General,ok
Italia,ITA,"Crans-Montana, Palazzo Chigi: “Rimandiamo l'ambasciatore in Svizzera solo se ci sarà un team investigativo comune”",https://www.repubblica.it/cronaca/2026/01/26/news/crans_montana_morti_procura_roma_investigatori_ultime_notizie-425118932/,2026-01-26 14:29,General,ok
Italia,ITA,Colono armato fa inginocchiare due carabinieri in Cisgiordania: Tajani convoca l’ambasciatore israeliano,https://www.repubblica.it/esteri/2026/01/26/news/carabinieri_minacciati_da_un_colono_italia_protesta_contro_lsraele-425119445/,2026-01-26 14:29,General,ok
Italia,ITA,"Alex Pretti, cronaca di un’esecuzione: ecco secondo per secondo cosa è avvenuto a Minneapolis",https://www.repubblica.it/esteri/2026/01/26/news/alex_pretti_anatomia_esecuzione_minuto_per_minuto_minneapolis-425119040/,2026-01-26 14:29,General,ok
Rusia,RUS,"Despite Sanctions and Boycotts, Some Western Musicians Return to the Stage in Russia",https://www.themoscowtimes.com/2026/01/26/despite-sanctions-and-boycotts-some-western-musicians-return-to-the-stage-in-russia-a91739,2026-01-26 14:30,General,ok
Rusia,RUS,"Cheburashka Could Never Be a Symbol of War. He Is an Outsider, Like Me.",https://www.themoscowtimes.com/2026/01/26/cheburashka-could-never-be-a-symbol-of-war-he-is-an-outsider-like-me-a91771,2026-01-26 14:30,General,ok
Rusia,RUS,Council of Europe Assembly Approves Candidates for Russian Anti-War Platform,https://www.themoscowtimes.com/2026/01/26/council-of-europe-assembly-approves-candidates-for-russian-anti-war-platform-a91776,2026-01-26 14:30,General,ok
Rusia,RUS,"Trilateral Talks in UAE ‘Constructive,’ Kremlin Says, But More Work Needed",https://www.themoscowtimes.com/2026/01/26/trilateral-talks-in-uae-constructive-kremlin-says-but-more-work-needed-a91775,2026-01-26 14:30,General,ok
Rusia,RUS,Germany’s Uniper Seeks $50M From Gazprom in Gas Transit Dispute – Interfax,https://www.themoscowtimes.com/2026/01/26/germanys-uniper-seeks-50m-from-gazprom-in-gas-transit-dispute-interfax-a91772,2026-01-26 14:30,General,ok
México,MEX,Servicios,No encontrado,2026-01-26 14:30,General,ok
México,MEX,Principales,No encontrado,2026-01-26 14:30,General,ok
México,MEX,Salen más gastos de la Nueva Corte; compraron togas por casi 300 mil pesos,https://www.eluniversal.com.mx/nacion/ministros-tambien-compraron-togas-fifis-gastan-casi-300-mil-pesos-en-vestiduras/,2026-01-26 14:30,General,ok
México,MEX,Campeche silenciado; bajo el acoso de Layda Sansores,https://www.eluniversal.com.mx/nacion/campeche-silenciado-bajo-el-acoso-de-layda-sansores/,2026-01-26 14:30,General,ok
México,MEX,Sheinbaum envía carta a Presidente de Corea del Sur; pide que BTS tenga más fechas en México,https://www.eluniversal.com.mx/nacion/sheinbaum-envia-carta-a-presidente-de-corea-del-sur-pide-que-bts-tenga-mas-fechas-en-mexico/,2026-01-26 14:30,General,ok
USA,USA,Minneapolis Shooting,https://www.nytimes.com/live/2026/01/26/us/minneapolis-shooting-ice,2026-01-26 14:30,General,ok
USA,USA,U.S. Winter Storm,https://www.nytimes.com/live/2026/01/26/weather/weather-snow-updates-ice-cold,2026-01-26 14:30,General,ok
USA,USA,Border Czar to Lead ICE Operation in Minnesota as Judge Weighs Its Legality,https://www.nytimes.com/live/2026/01/26/us/minneapolis-shooting-ice,2026-01-26 14:30,General,ok
USA,USA,They ‘Had Done Everything Right.’ ICE Detained Them Anyway.,https://www.nytimes.com/2026/01/26/us/politics/ice-minnesota-refugees.html,2026-01-26 14:30,General,ok
USA,USA,A Crisis of Confidence for ICE and Border Patrol as Clashes Escalate,https://www.nytimes.com/2026/01/26/us/politics/ice-border-patrol-trust.html,2026-01-26 14:30,General,ok
Brasil,BRA,Lula conversa com Trump por telefone sobre situação na Venezuela,https://g1.globo.com/politica/noticia/2026/01/26/lula-liga-para-trump.ghtml,2026-01-26 14:30,General,ok
Brasil,BRA,"'Chega de ordens de Washington', diz presidente interina da Venezuela",https://g1.globo.com/mundo/noticia/2026/01/25/chega-de-ordens-de-washington-diz-presidente-interina-da-venezuela.ghtml,2026-01-26 14:30,General,ok
Brasil,BRA,Rússia defende libertação de Maduro e diz que faltou 'treinamento',https://cbn.globo.com/mundo/noticia/2026/01/26/russia-pede-libertacao-de-maduro-e-diz-que-venezuela-nao-se-defendeu-por-falta-de-treinamento.ghtml,2026-01-26 14:30,General,ok
Brasil,BRA,Lula sugere a Trump em ligação que Conselho da Paz se limite a Gaza,https://oglobo.globo.com/mundo/noticia/2026/01/26/lula-sugere-a-trump-em-ligacao-que-conselho-da-paz-se-limite-a-gaza-e-defende-estabilidade-na-venezuela.ghtml,2026-01-26 14:30,General,ok
Brasil,BRA,EUA ameaçam com força militar países que não os ajudarem,https://g1.globo.com/mundo/noticia/2026/01/26/governo-trump-estrategia-nacional-defesa.ghtml,2026-01-26 14:30,General,ok
Argentina,ARG,"El encuentro, que se realizará el 11 de febrero, tendrá representantes de 34 países; asistirá el jefe del Estado Mayor Conjunto, Marcelo Dalle Nogare",https://www.lanacion.com.ar/politica/la-argentina-participara-de-una-cumbre-de-altos-mandos-militares-del-hemisferio-convocada-por-eeuu-nid26012026/,2026-01-26 14:30,General,ok
Argentina,ARG,"Tensión en EE.UU.En plena tormenta política, Trump afirma que el gobierno está “revisando todo” por la  muerte del enfermero en Minneapolis",https://www.lanacion.com.ar/estados-unidos/en-plena-tormenta-politica-trump-afirma-que-el-gobierno-esta-revisando-todo-por-la-muerte-del-nid26012026/,2026-01-26 14:30,General,ok
Argentina,ARG,Baja de la edad de imputabilidad.Un debate inconcluso que dividió al peronismo y vuelve a escena en Diputados,https://www.lanacion.com.ar/politica/baja-de-la-edad-de-imputabilidad-un-debate-inconcluso-que-dividio-al-peronismo-y-vuelve-a-escena-en-nid26012026/,2026-01-26 14:30,General,ok
Argentina,ARG,Caso Bastián.Dos de los imputados tenían alcohol en sangre al momento del accidente en La Frontera,https://www.lanacion.com.ar/sociedad/caso-bastian-dos-de-los-imputados-tenian-alcohol-en-sangre-al-momento-del-accidente-en-la-frontera-nid26012026/,2026-01-26 14:30,General,ok
Argentina,ARG,La pelea de los caños.Los motivos que llevaron a los petroleros a comprar tubos en India,https://www.lanacion.com.ar/economia/techint-fuera-del-negocio-proyectos-de-gas-con-margenes-de-rentabilidad-chicos-obligan-a-aceptar-nid26012026/,2026-01-26 14:30,General,ok
Bolivia,BOL,Exdiputada Rojas es aprehendida tras brindar declaraciones en la Fiscalía,https://www.eldeber.com.bo/santa-cruz/exdiputada-rojas-aprehendida-brindar-declaraciones-fiscalia_1769451192,2026-01-26 14:30,General,ok
Bolivia,BOL,Conoce cuánto cuesta viajar en Bolivia con el nuevo ajuste tarifario,https://www.eldeber.com.bo/economia/conoce-cuanto-cuesta-viajar-bolivia-nuevo-ajuste-tarifario_1769437632,2026-01-26 14:30,General,ok
Bolivia,BOL,"Fallece Tito Kuramotto, reconocido artista plástico boliviano",https://www.eldeber.com.bo/cultura-y-entretenimiento/fallece-tito-kuramotto-reconocido-artista-plastico-boliviano_1769431272,2026-01-26 14:30,General,ok
Bolivia,BOL,Exministra Sabina Orellana intentó abandonar el país sin éxito,https://www.eldeber.com.bo/pais/exministra-sabina-orellana-intento-abandonar-pais-exito_1769451102,2026-01-26 14:30,General,ok
Bolivia,BOL,Canciller de Brasil visita Bolivia para fortalecer las relaciones entre ambos países,https://www.eldeber.com.bo/pais/canciller-brasil-visita-bolivia-fortalecer-relaciones-ambos-paises_1769448646,2026-01-26 14:30,General,ok
Chile,CHL,Error al cargar datos: No se encontraron titulares con el selector proporcionado.,https://www.latercera.com,2026-01-26 14:30,General,error
Colombia,COL,Portaaviones USS Abraham Lincoln llega al océano Índico en medio de tensiones con Irán,https://www.eltiempo.com/mundo/medio-oriente/el-portaviones-uss-abraham-lincoln-llega-al-oceano-indico-en-medio-de-las-tensiones-con-iran-es-uno-de-los-buques-de-guerra-mas-grandes-del-mundo-3527234,2026-01-26 14:30,General,ok
Colombia,COL,Así fue el primer debate presidencial de 2026 con la Gran Consulta por Colombia,https://www.eltiempo.com/politica/elecciones-colombia-2026/asi-fue-el-primer-debate-presidencial-de-2026-con-la-gran-consulta-por-colombia-seguridad-salud-y-economia-las-claves-3527099,2026-01-26 14:30,General,ok
Colombia,COL,Se volaron siete presos del centro de detención de Neiva: entre ellos capturado por motobomba,https://www.eltiempo.com/justicia/delitos/se-volaron-siete-presos-del-centro-de-detencion-de-neiva-entre-ellos-el-capturado-por-motobomba-que-asesino-a-dos-menores-de-edad-en-la-region-3527250,2026-01-26 14:30,General,ok
Colombia,COL,Atención: tras turbulencia por cesión de contrato en bloque gasífero Sinú-9 renunció Orlando Velandia de la ANH,https://www.eltiempo.com/unidad-investigativa/atencion-luego-de-la-turbulencia-por-cesion-de-contrato-en-bloque-gasifero-sinu-9-renuncia-orlando-velandia-presidente-de-la-anh-3527208,2026-01-26 14:30,General,ok
Colombia,COL,Estos son los primeros avances de la investigación sobre los cráneos de animales hallados en un puente de Bogotá,https://www.eltiempo.com/bogota/estos-son-los-primeros-avances-de-la-investigacion-sobre-los-craneos-de-animales-hallados-en-la-carrera-30-con-calle-sexta-3527141,2026-01-26 14:30,General,ok
Perú,PER,Lluvias en Perú |Últimas noticias de las incidencias climáticas del país,https://elcomercio.pe/peru/lluvias-en-peru-en-vivo-alertas-del-senamhi-y-cuales-son-las-regiones-afectadas-por-precipitaciones-y-huaicos-lbposting-noticia/,2026-01-26 14:31,General,ok
Perú,PER,Choque en el Metropolitano: las probables causas y la vida útil de los buses,https://elcomercio.pe/lima/accidentes/choque-en-el-metropolitano-las-probables-causas-la-vida-util-de-los-buses-y-el-diseno-de-la-via-en-cuestion-noticia/,2026-01-26 14:31,General,ok
Perú,PER,Inició marcha blanca de desvíos por la construcción de la nueva Vía Rápida Javier Prado,https://elcomercio.pe/lima/obras/inicio-marcha-blanca-de-desvios-por-la-construccion-de-la-nueva-via-rapida-javier-prado-noticia/,2026-01-26 14:31,General,ok
Perú,PER,Elecciones presidenciales: ¿cuántos extranjeros nacionalizados podrán votar en el Perú?,https://elcomercio.pe/ecdata/elecciones-venezuela-guido-bellido-voto-extranjero-nacionalidad-jose-jeri-congreso-tlcaudio-noticia/,2026-01-26 14:31,General,ok
Perú,PER,El caso Inga y su fallido fichaje al Kansas City de la MLS: qué pasó realmente y cómo se reparten culpas,https://elcomercio.pe/deporte-total/futbol-peruano/universitario-el-caso-cesar-inga-y-su-fallido-fichaje-al-kansas-city-de-la-mls-que-paso-realmente-y-como-se-reparten-las-culpas-tlcnota-noticia/,2026-01-26 14:31,General,ok
Ecuador,ECU,"$ 1,1 millones se destinarán en tres tipos de letreros para 115 dispensarios del Seguro Social Campesino del IESS",https://www.eluniverso.com/noticias/informes/11-millones-se-destinaran-en-tres-tipos-de-letreros-para-115-dispensarios-del-seguro-social-campesino-del-iess-nota/,2026-01-26 14:31,General,ok
Ecuador,ECU,"Un asesinato por hora: Ecuador cerró 2025 con 9.216 homicidios intencionales, así se dividió el mapa de violencia",https://www.eluniverso.com/noticias/seguridad/ecuador-2025-25-asesinatos-diarios-el-ano-mas-violento-nota/,2026-01-26 14:31,General,ok
Ecuador,ECU,"‘Podemos dialogar, pero si no hay voluntad de apoyar es absurdo continuar’, dijo Daniel Noboa en medio de la tensión con Colombia",https://www.eluniverso.com/noticias/politica/podemos-dialogar-pero-si-no-hay-voluntad-de-apoyar-es-absurdo-continuar-dijo-daniel-noboa-en-medio-de-la-tension-con-colombia-nota/,2026-01-26 14:31,General,ok
Ecuador,ECU,Daniel Noboa presenta la nueva hoja de ruta contra la delincuencia con inversión de $ 230 millones,https://www.eluniverso.com/noticias/seguridad/daniel-noboa-presenta-la-nueva-hoja-de-ruta-contra-la-delincuencia-con-inversion-de-230-millones-nota/,2026-01-26 14:31,General,ok
Ecuador,ECU,"‘Vivimos con miedo, nadie puede denunciar’: cantones manabitas asfixiados por las ‘vacunas’ y el control criminal",https://www.eluniverso.com/noticias/seguridad/puerto-lopez-extosiones-problemas-seguridad-cantones-manabitas-analisis-seguridad-falta-policias-nota/,2026-01-26 14:31,General,ok
Venezuela,VEN,Trump evalúa un consejo tecnocrático como el de Gaza para evitar un vacío de poder en Venezuela,https://www.elnacional.com/2026/01/donald-trump-evalua-un-consejo-tecnocratico-para-venezuela/,2026-01-26 14:31,General,ok
Venezuela,VEN,Foro Penal reporta la excarcelación de 266 presos políticos desde el 8 de enero,https://www.elnacional.com/2026/01/foro-penal-reporta-la-excarcelacion-de-266-presos-politicos-desde-el-8-de-enero/,2026-01-26 14:31,General,ok
Venezuela,VEN,Toco toco to: Rawayana le pone lugar y fecha al after,https://www.elnacional.com/2026/01/rawayana-le-pone-lugar-y-fecha-al-after/,2026-01-26 14:31,General,ok
Venezuela,VEN,Rusia dice que funcionarios venezolanos colaboraron con EE UU para capturar a Maduro: “Conocemos los nombres de los traidores”,https://www.elnacional.com/2026/01/rusia-dice-que-funcionarios-venezolanos-colaboraron-con-ee-uu-para-capturar-a-maduro-conocemos-los-nombres-de-los-traidores/,2026-01-26 14:31,General,ok
Venezuela,VEN,El mayor apagón de este lunes en Cuba dejará a 61% de la isla a la vez sin electricidad,https://www.elnacional.com/2026/01/el-mayor-apagon-de-este-lunes-en-cuba-dejara-a-61-de-la-isla-a-la-vez-sin-electricidad/,2026-01-26 14:31,General,ok
Uruguay,URY,"El BCU reduce la tasa de interés en 100 puntos básicos hasta 6,5%, informó en un comunicado hoy",https://www.elpais.com.uy/negocios/noticias/el-bcu-reduce-la-tasa-de-interes-en-100-puntos-basicos-hasta-6-5-informo-en-un-comunicado-hoy,2026-01-26 14:31,General,ok
Uruguay,URY,"Embajador chino dijo que Uruguay ""es caro"" y comercio electrónico, como Temu, ""puede bajar el costo de vida""",https://www.elpais.com.uy/negocios/noticias/embajador-chino-dijo-que-uruguay-es-caro-y-comercio-electronico-como-temu-puede-bajar-el-costo-de-vida,2026-01-26 14:31,General,ok
Uruguay,URY,Caos en la playa Bikini de Manantiales: pelea entre menores terminó con seis detenidos y armas incautadas,https://www.elpais.com.uy/informacion/policiales/caos-en-la-playa-bikini-de-manantiales-pelea-entre-menores-termino-con-seis-detenidos-y-armas-incautadas,2026-01-26 14:31,General,ok
Uruguay,URY,"""Casi nos mata"": vecino reclama que obra le tiró la pared de su casa; empresa dice que está ""extorsionando""",https://www.elpais.com.uy/informacion/politica/casi-nos-mata-vecino-reclama-que-obra-le-tiro-la-pared-de-su-casa-empresa-dice-que-esta-extorsionando,2026-01-26 14:31,General,ok
Uruguay,URY,La Policía investiga dos homicidios en dos barrios de Montevideo: uno fue apuñalado y otro acribillado,https://www.elpais.com.uy/informacion/policiales/la-policia-investiga-dos-homicidios-en-dos-barrios-de-montevideo-uno-fue-apunalado-y-otro-acribillado,2026-01-26 14:31,General,ok
Paraguay,PRY,Negocios,No encontrado,2026-01-26 14:31,General,ok
Paraguay,PRY,Mundo,No encontrado,2026-01-26 14:31,General,ok
Paraguay,PRY,Ciencia,No encontrado,2026-01-26 14:31,General,ok
Paraguay,PRY,Tecnología,No encontrado,2026-01-26 14:31,General,ok
Paraguay,PRY,Gastronomía,No encontrado,2026-01-26 14:31,General,ok
Panamá,PAN,André Rabello y cuatro delatores brasileños no testificarán en el juicio de Odebrecht,https://www.prensa.com/judiciales/andre-rabello-y-cuatro-delatores-brasilenos-no-testificaran-en-el-juicio-de-odebrecht/,2026-01-26 14:31,General,ok
Panamá,PAN,¿Cuáles son las pruebas extraordinarias admitidas en el juicio de Odebrecht?,https://www.prensa.com/judiciales/cuales-son-las-pruebas-extraordinarias-admitidas-en-el-juicio-de-odebrecht/,2026-01-26 14:31,General,ok
Panamá,PAN,Retraso en la ATTT tiene miles de vehículos circulando con placas vencidas en Panamá,https://www.prensa.com/sociedad/retraso-en-la-attt-tiene-miles-de-vehiculos-circulando-con-placas-vencidas-en-panama/,2026-01-26 14:31,General,ok
Panamá,PAN,Nepotismo y faltas éticas: ANTAI sanciona a servidores públicos de varias entidades,https://www.prensa.com/judiciales/nepotismo-y-faltas-eticas-antai-sanciona-a-servidores-publicos-de-varias-entidades/,2026-01-26 14:31,General,ok
Panamá,PAN,Acodeco recuerda que colegios no pueden imponer venta exclusiva de uniformes y útiles escolares,https://www.prensa.com/economia/acodeco-recuerda-que-colegios-no-pueden-imponer-venta-exclusiva-de-uniformes-y-utiles-escolares/,2026-01-26 14:31,General,ok
Costa Rica,CRI,,No encontrado,2026-01-26 14:31,General,ok
Costa Rica,CRI,Actualidad,No encontrado,2026-01-26 14:31,General,ok
Costa Rica,CRI,Puro Deporte,https://www.nacion.com/puro-deporte/,2026-01-26 14:31,General,ok
Costa Rica,CRI,Opinión,https://www.nacion.com/opinion/,2026-01-26 14:31,General,ok
Costa Rica,CRI,Economía,https://www.nacion.com/economia/,2026-01-26 14:31,General,ok
Japón,JPN,National Report,https://www.asahi.com/ajw/national_report/,2026-01-26 14:31,General,ok
Japón,JPN,Politics,https://www.asahi.com/ajw/politics/,2026-01-26 14:31,General,ok
Japón,JPN,Business,https://www.asahi.com/ajw/business/,2026-01-26 14:31,General,ok
Japón,JPN,Asia & World,https://www.asahi.com/ajw/asia_world/,2026-01-26 14:31,General,ok
Japón,JPN,Sci & Tech,https://www.asahi.com/ajw/sci_tech/,2026-01-26 14:31,General,ok
China,CHN,Growth gaining traction amid upbeat outlook,https://www.chinadaily.com.cn/a/202601/25/WS69763791a310d6866eb359cf.html,2026-01-26 14:31,General,ok
China,CHN,VIDEO+,https://www.chinadaily.com.cn/video,2026-01-26 14:31,General,ok
China,CHN,China+,https://www.chinadaily.com.cn/china,2026-01-26 14:31,General,ok
China,CHN,Business+,https://www.chinadaily.com.cn/business,2026-01-26 14:31,General,ok
China,CHN,Culture+,https://www.chinadaily.com.cn/culture,2026-01-26 14:31,General,ok
India,IND,"Dear finance minister, this budget needs a bigger idea",https://timesofindia.indiatimes.com/toi-plus/business-economy/letter-to-finance-minister/articleshow/127559689.cms,2026-01-26 14:31,General,ok
India,IND,"R-Day Spl: 'Vir Chakra isn't personal achievement, but a collective effort'",https://timesofindia.indiatimes.com/toi-plus/defence-security/vir-chakra-isnt-my-personal-achievement-but-a-recognition-of-collective-effort-of-indian-military/articleshow/127547438.cms,2026-01-26 14:31,General,ok
India,IND,New report: How India’s air power forced Pak to beg for truce just in 88 hrs,https://timesofindia.indiatimes.com/toi-plus/defence-security/inside-op-sindoor-how-indias-air-power-forced-pak-to-beg-for-truce-just-in-88-hours/articleshow/127550453.cms,2026-01-26 14:31,General,ok
India,IND,Key Changes in JEE Main 2025 Exam Pattern,https://timesofindia.indiatimes.com/education/web-stories/key-changes-in-jee-main-2025-exam-pattern/photostory/114429351.cms,2026-01-26 14:31,General,ok
India,IND,All-new Renault Duster vs old Duster: Changes explained,https://timesofindia.indiatimes.com/auto/cars/all-new-renault-duster-vs-old-duster-changes-explained/articleshow/127557644.cms,2026-01-26 14:31,General,ok
Australia,AUS,Live Well newsletter,https://www.smh.com.au/newsletter-signup?newsletter=live-well&utm_source=Homepage&utm_medium=CTABox&utm_campaign=Newsletters,2026-01-26 14:31,General,ok
Australia,AUS,Interactive: Search for uni courses,https://www.smh.com.au/australia-higher-education,2026-01-26 14:31,General,ok
Australia,AUS,Mini Crossword,https://www.smh.com.au/puzzles/crosswords?promote_channel=CTA_HI_ENG&utm_source=CTAStrap&utm_medium=HouseInventory&utm_campaign=Engagement,2026-01-26 14:31,General,ok
Australia,AUS,‘This isn’t a spill; it’s a joke’: Ley allies taunt her leadership rivals,https://www.smh.com.au/politics/federal/ley-allies-taunt-leadership-rivals-this-isn-t-a-spill-it-s-a-joke-20260126-p5nx1z.html,2026-01-26 14:31,General,ok
Australia,AUS,‘It’s worth it’: The shocking cost of degrees for international students,https://www.smh.com.au/national/it-s-worth-it-the-shocking-cost-of-degrees-for-international-students-20251226-p5nq5v.html,2026-01-26 14:31,General,ok
Sudáfrica,ZAF,Error al cargar datos: No se encontraron titulares con el selector proporcionado.,https://www.news24.com,2026-01-26 14:31,General,error
Marruecos,MAR,"Modern Diplomacy: Morocco’s Peace Council invitation reflects its consistent diplomacy, report says",No encontrado,2026-01-26 14:31,General,ok
Marruecos,MAR,"King Offers Luncheon in Honor of Prime Minister of Senegal, Accompanying Delegation",https://en.hespress.com/130421-king-offers-luncheon-in-honor-of-prime-minister-of-senegal-accompanying-delegation.html,2026-01-26 14:31,General,ok
Marruecos,MAR,Canary Islands President begins official visit to Morocco to boost regional cooperation,https://en.hespress.com/130412-canary-islands-president-begins-official-visit-to-morocco-to-boost-regional-cooperation.html,2026-01-26 14:31,General,ok
Marruecos,MAR,Moroccan lawyers condemn Senegal FA Chief’s remarks as defamatory,https://en.hespress.com/130403-moroccan-lawyers-condemn-senegal-fa-chiefs-remarks-as-defamatory.html,2026-01-26 14:31,General,ok
Marruecos,MAR,Casablanca authorities launch market inspections ahead of Ramadan,https://en.hespress.com/130396-casablanca-authorities-launch-market-inspections-ahead-of-ramadan.html,2026-01-26 14:31,General,ok
Argelia,DZA,Gara Djebilet iron ore exploitation to begin in first quarter of 2026,https://www.aps.dz/en/presidency-news/mi203sk1-gara-djebilet-iron-ore-exploitation-to-begin-in-first-quarter-of-2026,2026-01-26 14:31,General,ok
Argelia,DZA,President Tebboune decides 10 million centime subsidy for Algerian Hajj pilgrims,https://www.aps.dz/en/presidency-news/mkuv6cio-president-tebboune-decides-10-million-centime-subsidy-for-algerian-hajj-pilgrims,2026-01-26 14:31,General,ok
Argelia,DZA,Justice Minister to participate in inaugural Doha Legal Forum,https://www.aps.dz/en/algeria/national-news/mkux5yy1-justice-minister-to-participate-in-inaugural-doha-legal-forum,2026-01-26 14:31,General,ok
Argelia,DZA,"Vulnerable, undocumented citizens abroad urged to come forward for regularization",https://www.aps.dz/en/algeria/national-news/mkvd135n-vulnerable-undocumented-citizens-abroad-urged-to-come-forward-for-regularization,2026-01-26 14:31,General,ok
Argelia,DZA,Justice Minister to participate in inaugural Doha Legal Forum,https://www.aps.dz/en/algeria/national-news/mkux5yy1-justice-minister-to-participate-in-inaugural-doha-legal-forum,2026-01-26 14:31,General,ok
Camerún,CMR,"Palais de l’Unité : Bonne année, Monsieur le président !",https://www.cameroon-tribune.cm/article.html/74930/fr.html/palais-de-lunite-bonne-annee-monsieur-le-president-,2026-01-26 14:31,General,ok
Camerún,CMR,ECCAS: Governance Team In Place,https://www.cameroon-tribune.cm/article.html/75138/fr.html/eccas-governance-team-in-place,2026-01-26 14:31,General,ok
Camerún,CMR,Régénération des forêts: Les avancées présentées,https://www.cameroon-tribune.cm/article.html/75139/fr.html/regeneration-forets-les-avancees-presentees,2026-01-26 14:31,General,ok
Camerún,CMR,Agence coréenne de coopération internationale (Koica): L’au revoir au Directeur pays,https://www.cameroon-tribune.cm/article.html/75131/fr.html/agence-coreenne-de-cooperation-internationale-koica-lau-revoir-au-directeur-pays,2026-01-26 14:31,General,ok
Camerún,CMR,Culture africaine et afrodescendante: La prise de conscience s’installe,https://www.cameroon-tribune.cm/article.html/75129/fr.html/culture-africaine-afrodescendante-la-prise-de-conscience-sinstalle,2026-01-26 14:31,General,ok
España,ESP,La Premier... ¡qué ruina!,https://www.marca.com/sport-business/2playbook/2026/01/26/90-clubes-ingleses-preve-dar-perdidas-salarios-2025.html,2026-01-26 14:31,Deportes,ok
España,ESP,LaLiga ejecuta su amenaza y denuncia a los futbolistas,https://www.marca.com/futbol/primera-division/2026/01/26/laliga-lleva-tribunales-denuncia-futbolistas-presunta-huelga-ilegal.html,2026-01-26 14:31,Deportes,ok
España,ESP,Primera batalla en Barcelona: Red Bull golpea primero... y Alonso tendrá que esperar,https://www.marca.com/motor/formula1/2026/01/26/hadjar-acaba-primero-aston-martin-llega-jueves.html,2026-01-26 14:31,Deportes,ok
España,ESP,Ya lo avisó Cristiano Ronaldo hace cuatro años...,https://www.marca.com/futbol/premier-league/2026/01/26/aviso-cristiano-ronaldo-cuatro-anos-imposible-carrick.html,2026-01-26 14:31,Deportes,ok
España,ESP,Ir a MARCA TV,https://www.marca.com/videos.html,2026-01-26 14:31,Deportes,ok
USA,USA,ESPN,https://www.espn.com/,2026-01-26 14:31,Deportes,ok
USA,USA,📍Watch on ESPN,No encontrado,2026-01-26 14:31,Deportes,ok
USA,USA,Quick Links,No encontrado,2026-01-26 14:31,Deportes,ok
USA,USA,Favorites,No encontrado,2026-01-26 14:31,Deportes,ok
USA,USA,Customize ESPN,No encontrado,2026-01-26 14:31,Deportes,ok
Francia,FRA,Détenu en Algérie pour y avoir exercé son métier,https://www.lequipe.fr/Medias/Actualites/L-edito-de-l-equipe-christophe-gleizes-a-plus-que-jamais-besoin-de-soutien-et-d-un-geste-d-humanite/1617521,2026-01-26 14:31,Deportes,ok
Francia,FRA,L'avènement de Paul Seixas,https://www.lequipe.fr/explore/video/l-equipe-explore-les-coulisses-de-l-exploit-l-avenement-de-paul-seixas/20224178,2026-01-26 14:31,Deportes,ok
Francia,FRA,Pourrez-vous réussir le Dix sur Dix du jour ?,https://www.lequipe.fr/jeux/dix-sur-dix,2026-01-26 14:31,Deportes,ok
Francia,FRA,Les Bleus n'y arrivent pas,https://www.lequipe.fr/Handball/match-en-direct/championnat-d-europe-h-2026/espagne-france-live/125447,2026-01-26 14:31,Deportes,ok
Francia,FRA,Surprise : il y aura un huitième skieur français en alpin,https://www.lequipe.fr/Jo-2026-milan-cortina/Ski/Actualites/Retournement-de-situation-quelques-heures-apres-l-annonce-de-la-liste-pour-les-jo-2026-il-y-aura-un-huitieme-skieur-francais-en-alpin/1636793,2026-01-26 14:31,Deportes,ok
Argentina,ARG,Se confirmó la nueva lesión de Velasco: dos meses afuera por la rodilla,No encontrado,2026-01-26 14:31,Deportes,ok
Argentina,ARG,Cavani hizo fútbol y se anota para el partido con Estudiantes,No encontrado,2026-01-26 14:31,Deportes,ok
Argentina,ARG,Mercado de pases 2026: el uno por uno de los refuerzos a horas del cierre,No encontrado,2026-01-26 14:31,Deportes,ok
Argentina,ARG,Di Carlo reveló las tres prioridades de su gestión y cuál será la capacidad final del Monumental,No encontrado,2026-01-26 14:31,Deportes,ok
Argentina,ARG,"Colapinto ya giró en Barcelona: primeras vueltas, susto leve y una referencia que ilusiona",No encontrado,2026-01-26 14:31,Deportes,ok
Reino Unido,GBR,"Transfer Centre LIVE! Latest on Luiz, Mateta, Abraham and more...",https://www.skysports.com/football/live-blog/11095/12476234/transfer-centre-live-football-transfer-news-updates-and-rumours,2026-01-26 14:31,Deportes,ok
Reino Unido,GBR,F1's new era begins with Red Bull and Mercedes making positive starts,https://www.skysports.com/f1/news/12433/13499108/f1-testing-new-2026-rules-era-begins-at-barcelona-shakedown-with-red-bull-and-mercedes-making-positive-starts,2026-01-26 14:31,Deportes,ok
Reino Unido,GBR,Man Utd's dilemma: Is Carrick the 'messiah' or should fans be cautious?,https://www.skysports.com/football/news/12040/13499171/man-utd-michael-carricks-early-success-against-man-city-and-arsenal-has-created-a-managerial-dilemma-at-old-trafford,2026-01-26 14:31,Deportes,ok
Reino Unido,GBR,Arteta's issues analysed as the pressure starts to show on Arsenal,https://www.skysports.com/football/news/11095/13499137/arsenal-mikel-artetas-issues-analysed-as-the-pressure-starts-to-show-on-premier-league-title-chasing-gunners,2026-01-26 14:31,Deportes,ok
Reino Unido,GBR,Guehi's composed start for Man City shows what Liverpool missed,https://www.skysports.com/football/news/37587/13498917/marc-guehis-man-city-debut-assessed-in-the-debrief-as-ex-crystal-palace-defender-shows-what-liverpool-missed,2026-01-26 14:31,Deportes,ok
Brasil,BRA,"Bahia negocia por atacante Júnior Santos, do Atlético-MG",https://ge.globo.com/ba/futebol/noticia/2026/01/26/bahia-negocia-emprestimo-de-junior-santos-atacante-do-atletico-mg.ghtml,2026-01-26 14:31,Deportes,ok
Brasil,BRA,Fluminense acerta renovação de contrato com Kevin Serna até 2028,https://ge.globo.com/futebol/times/fluminense/noticia/2026/01/26/fluminense-acerta-renovacao-de-contrato-com-kevin-serna-ate-2028.ghtml,2026-01-26 14:31,Deportes,ok
Brasil,BRA,CBF reforçará intenção de sediar Copa do Mundo de Clubes 2029 em reunião com Infantino,https://ge.globo.com/sp/futebol/noticia/2026/01/26/com-lula-cbf-reforcara-intencao-de-sediar-copa-do-mundo-de-clubes-de-29-em-reuniao-com-infantino.ghtml,2026-01-26 14:31,Deportes,ok
Brasil,BRA,Al-Nassr tem gol anulado contra o Al-Taawoun após revisão; siga,https://ge.globo.com/futebol/futebol-internacional/futebol-saudita/jogo/26-01-2026/al-nassr-sau-al-taawoun.ghtml,2026-01-26 14:31,Deportes,ok
Brasil,BRA,Endrick quebra recorde de Ronaldo Fenômeno com hat-trick,https://ge.globo.com/futebol/futebol-internacional/noticia/2026/01/26/endrick-quebra-recorde-de-ronaldo-fenomeno-apos-hat-trick-pelo-lyon.ghtml,2026-01-26 14:31,Deportes,ok
